attend_practice_rate,group_session,hours_exam_prep,hours_studying,problem_sets_done_rate,problem_sets_success_rate,success,attend_lecture_rate,Feature 1
discrete,discrete,discrete,discrete,discrete,discrete,discrete,discrete,continuous
,,,,,,class,meta,meta
2,5,2,4,4,1,3,1,0.0
3,4,4,2,0,0,2,1,1.0
4,0,0,1,0,1,1,5,2.0
2,1,5,0,5,1,3,1,3.0
4,5,2,3,4,3,4,2,4.0
2,4,3,2,2,4,3,3,5.0
4,4,5,5,1,5,5,5,6.0
0,0,2,3,4,3,3,0,7.0
0,4,4,0,4,3,3,5,8.0
5,3,1,2,5,2,3,2,9.0
1,5,4,3,1,0,2,1,10.0
0,1,4,4,1,5,4,4,11.0
2,5,2,1,0,0,1,3,12.0
0,1,5,5,0,3,3,1,13.0
4,5,4,0,5,2,4,4,14.0
5,0,2,0,2,3,2,0,15.0
5,3,5,0,2,2,3,5,16.0
5,1,3,1,5,4,4,4,17.0
3,3,2,0,1,4,3,4,18.0
2,2,5,1,4,5,5,5,19.0
5,5,1,2,1,0,2,4,20.0
5,5,2,4,1,2,3,2,21.0
1,3,2,3,0,2,2,2,22.0
1,0,4,3,4,2,3,5,23.0
3,2,2,2,5,4,4,2,24.0
0,3,5,0,1,4,3,3,25.0
4,1,3,1,4,4,3,0,26.0
5,4,5,4,0,4,4,3,27.0
3,0,4,2,3,5,4,3,28.0
0,5,2,5,0,0,2,0,29.0
1,5,3,0,2,2,2,0,30.0
3,1,4,3,0,0,2,5,31.0
5,0,3,2,0,4,3,5,32.0
0,4,0,4,2,2,2,1,33.0
0,0,1,5,5,2,3,1,34.0
4,5,4,2,0,1,2,2,35.0
1,3,1,2,4,1,3,4,36.0
4,0,2,3,4,3,4,3,37.0
3,0,2,5,0,2,3,5,38.0
2,5,5,0,3,5,4,5,39.0
0,1,4,2,3,2,3,5,40.0
4,5,2,3,0,3,3,1,41.0
3,1,5,0,3,2,3,2,42.0
1,4,4,2,2,4,4,4,43.0
5,5,2,2,3,5,4,3,44.0
2,5,0,3,4,1,3,4,45.0
4,5,4,5,3,2,4,1,46.0
2,3,3,1,5,1,3,1,47.0
3,2,4,4,1,3,3,1,48.0
5,5,1,2,4,3,4,3,49.0
2,0,0,0,5,0,2,4,50.0
1,2,4,5,4,1,3,3,51.0
3,2,1,0,4,2,2,1,52.0
5,1,3,1,5,1,3,4,53.0
4,1,0,4,3,0,2,0,54.0
3,5,2,1,0,5,3,4,55.0
0,5,2,0,1,4,2,1,56.0
2,4,0,3,5,1,3,0,57.0
3,3,1,0,4,4,3,3,58.0
5,5,4,3,4,0,3,3,59.0
5,3,5,5,2,1,4,4,60.0
1,4,5,2,0,4,3,4,61.0
4,4,1,2,5,2,4,4,62.0
3,3,0,3,3,1,2,0,63.0
5,5,5,1,4,1,3,1,64.0
0,0,4,1,1,3,2,3,65.0
2,2,4,5,5,5,5,0,66.0
3,4,1,3,4,4,4,3,67.0
5,0,0,4,3,1,2,1,68.0
1,0,2,1,4,0,2,1,69.0
1,3,3,2,0,5,3,1,70.0
2,0,1,4,4,4,4,4,71.0
4,5,2,3,3,2,3,0,72.0
2,0,3,5,1,0,2,1,73.0
4,1,0,2,5,5,4,5,74.0
4,2,5,2,4,5,5,4,75.0
3,0,1,0,5,2,3,5,76.0
0,4,0,5,3,3,3,3,77.0
3,5,5,4,5,2,4,0,78.0
1,1,0,4,4,5,4,4,79.0
3,5,3,1,5,0,3,3,80.0
1,0,4,0,3,2,2,1,81.0
0,1,5,2,5,3,3,0,82.0
2,4,0,1,5,5,4,3,83.0
0,2,0,5,5,5,4,3,84.0
0,5,0,5,2,2,2,0,85.0
2,0,0,2,1,3,2,4,86.0
1,1,1,5,5,4,4,2,87.0
4,3,5,5,0,3,4,4,88.0
3,0,0,5,0,1,2,3,89.0
2,2,0,0,3,5,3,5,90.0
0,2,1,4,3,3,3,0,91.0
4,5,0,5,4,2,4,4,92.0
3,3,4,1,0,5,3,4,93.0
1,3,3,3,2,2,3,4,94.0
4,5,0,0,2,3,3,3,95.0
2,5,3,0,1,1,2,0,96.0
2,5,4,3,3,3,4,3,97.0
4,2,4,4,2,4,4,0,98.0
3,2,4,0,0,4,3,1,99.0
0,4,5,3,1,4,3,2,100.0
3,0,1,0,3,4,3,5,101.0
2,5,3,2,2,0,2,4,102.0
5,4,5,2,5,0,4,5,103.0
4,0,5,5,4,0,4,5,104.0
4,4,1,2,2,5,3,1,105.0
1,4,4,4,3,2,4,4,106.0
3,1,2,5,0,3,3,0,107.0
1,3,4,4,0,4,3,1,108.0
3,4,0,3,5,1,3,4,109.0
2,4,0,5,1,4,3,3,110.0
4,4,5,2,0,1,2,2,111.0
3,1,3,1,4,2,3,3,112.0
4,4,1,0,5,0,2,2,113.0
0,0,0,3,5,2,3,2,114.0
5,2,4,5,5,4,5,5,115.0
0,0,4,5,1,5,4,5,116.0
0,0,3,2,3,3,3,1,117.0
0,1,4,5,2,0,3,5,118.0
3,2,2,0,1,3,2,4,119.0
4,3,2,2,5,3,4,1,120.0
3,1,3,2,4,0,2,0,121.0
4,4,1,0,2,4,3,2,122.0
0,2,3,5,0,5,3,3,123.0
5,5,4,2,2,3,3,0,124.0
0,1,3,3,3,2,3,0,125.0
0,2,5,3,0,5,3,1,126.0
2,5,2,5,1,5,4,1,127.0
3,0,4,1,3,3,3,2,128.0
0,5,0,4,2,0,2,1,129.0
4,3,4,1,4,3,3,0,130.0
3,1,0,4,5,0,3,5,131.0
4,3,4,3,2,1,3,2,132.0
1,4,3,2,1,3,2,0,133.0
4,1,4,5,4,3,4,4,134.0
1,5,3,0,2,4,3,1,135.0
1,3,0,2,0,2,2,2,136.0
1,3,5,2,3,1,3,1,137.0
4,3,5,0,4,1,3,0,138.0
0,0,0,5,4,1,3,5,139.0
0,1,1,0,5,1,2,0,140.0
2,1,4,2,2,3,3,5,141.0
4,5,0,0,4,1,3,4,142.0
2,0,5,3,2,0,2,0,143.0
5,5,2,3,3,3,3,0,144.0
5,2,0,3,4,5,4,0,145.0
3,1,4,3,3,2,4,5,146.0
1,0,5,4,0,1,2,1,147.0
1,2,3,3,2,2,2,0,148.0
4,3,4,4,5,4,5,3,149.0
4,0,5,1,5,0,3,4,150.0
1,0,2,2,3,2,3,4,151.0
2,1,5,1,4,4,4,2,152.0
2,4,4,4,3,4,4,4,153.0
3,1,1,2,1,1,2,5,154.0
3,2,5,0,0,3,2,0,155.0
0,4,5,2,0,5,3,3,156.0
0,0,0,4,4,4,3,1,157.0
3,3,3,4,2,5,4,2,158.0
3,0,5,4,4,3,4,2,159.0
1,5,5,3,4,5,4,0,160.0
2,5,2,5,2,1,3,2,161.0
2,5,1,1,1,2,2,3,162.0
0,4,3,0,1,0,1,4,163.0
5,4,3,3,0,0,2,3,164.0
5,1,0,5,3,2,3,3,165.0
0,2,2,4,1,3,3,2,166.0
5,5,2,2,4,5,4,2,167.0
4,0,5,5,1,1,3,4,168.0
5,3,2,5,5,5,5,3,169.0
1,5,1,0,4,2,2,1,170.0
1,2,3,3,2,1,2,0,171.0
3,5,1,2,1,2,2,1,172.0
3,5,3,5,4,5,5,2,173.0
4,0,2,4,5,0,3,1,174.0
4,1,0,0,2,5,3,0,175.0
5,3,2,3,2,3,3,3,176.0
4,4,1,5,4,3,4,0,177.0
5,2,5,1,0,3,3,0,178.0
5,1,4,1,4,2,4,5,179.0
3,1,0,2,0,0,1,5,180.0
3,5,4,4,1,0,3,5,181.0
1,5,4,0,4,0,2,2,182.0
1,0,4,2,4,3,4,5,183.0
1,5,3,1,1,5,4,5,184.0
1,5,0,5,0,4,3,5,185.0
1,0,2,3,4,1,2,0,186.0
4,0,3,4,2,3,3,1,187.0
3,1,5,5,5,1,4,1,188.0
3,5,0,1,0,0,1,4,189.0
1,0,3,5,4,2,3,0,190.0
2,1,4,3,3,3,3,2,191.0
5,5,4,5,1,5,4,1,192.0
2,1,2,0,0,0,1,5,193.0
1,4,0,5,0,5,3,1,194.0
4,5,1,5,2,1,3,0,195.0
2,3,3,1,1,1,2,0,196.0
3,5,3,2,4,0,3,1,197.0
3,4,5,4,4,3,4,0,198.0
3,5,3,3,1,5,4,5,199.0
5,4,3,4,4,5,5,5,200.0
5,5,4,5,5,3,5,5,201.0
2,4,5,5,0,2,3,3,202.0
0,3,2,0,2,2,2,0,203.0
3,1,1,0,2,3,2,3,204.0
0,1,2,1,2,3,2,4,205.0
1,5,5,3,2,4,4,2,206.0
5,4,5,2,3,4,5,5,207.0
0,5,4,3,3,4,4,2,208.0
4,0,0,4,5,2,3,3,209.0
2,3,1,0,0,2,2,5,210.0
0,5,1,3,4,3,3,0,211.0
1,1,4,5,2,4,4,5,212.0
4,0,2,0,0,1,1,1,213.0
2,1,5,2,3,0,2,0,214.0
0,2,1,4,3,4,3,0,215.0
5,1,0,4,4,5,4,4,216.0
4,0,5,1,0,2,2,1,217.0
5,2,3,1,2,0,2,3,218.0
4,1,0,2,3,5,4,5,219.0
4,5,4,3,1,4,4,3,220.0
5,3,2,1,0,1,2,5,221.0
2,0,4,3,2,4,3,2,222.0
0,3,1,1,3,2,2,4,223.0
4,3,1,2,0,1,1,0,224.0
1,4,1,3,5,0,3,5,225.0
4,0,3,4,2,3,3,3,226.0
5,4,4,0,4,3,4,3,227.0
2,0,2,0,1,3,2,3,228.0
5,4,4,0,4,5,4,0,229.0
4,4,5,4,5,2,5,4,230.0
0,0,3,5,0,4,3,0,231.0
3,0,3,5,2,3,3,0,232.0
5,3,4,4,5,3,5,3,233.0
2,5,3,2,1,1,3,5,234.0
2,1,0,3,2,0,2,3,235.0
2,2,1,3,4,0,3,5,236.0
5,0,2,0,4,0,2,2,237.0
5,3,4,4,0,3,3,3,238.0
5,1,5,4,5,0,4,2,239.0
5,1,5,0,4,0,3,1,240.0
3,5,2,0,2,4,3,5,241.0
2,1,0,5,5,4,4,3,242.0
4,2,0,1,0,3,2,5,243.0
0,5,5,0,3,2,3,2,244.0
2,4,3,5,4,1,4,4,245.0
1,1,0,2,1,4,2,0,246.0
2,2,5,3,3,4,4,3,247.0
0,5,0,3,2,0,2,2,248.0
0,0,0,0,5,1,2,1,249.0
5,5,3,0,3,4,4,5,250.0
0,0,5,0,2,5,3,1,251.0
0,5,2,1,3,4,3,5,252.0
4,2,3,0,5,2,3,3,253.0
4,5,0,4,5,0,3,2,254.0
0,1,4,0,4,0,2,4,255.0
5,1,0,2,1,0,2,4,256.0
5,2,4,1,5,3,4,3,257.0
5,2,2,5,4,2,4,0,258.0
5,4,5,2,3,5,5,5,259.0
5,5,2,3,5,2,4,3,260.0
2,0,4,3,4,2,3,3,261.0
3,2,1,5,0,4,3,1,262.0
1,1,5,5,1,2,3,1,263.0
4,3,3,1,1,1,2,2,264.0
5,2,0,4,4,1,3,0,265.0
4,2,3,2,3,1,3,3,266.0
2,0,2,3,4,1,2,0,267.0
1,4,3,3,1,4,3,2,268.0
4,0,2,3,4,1,3,1,269.0
0,1,4,2,5,4,4,0,270.0
5,1,3,4,3,2,4,3,271.0
5,3,3,2,4,1,3,5,272.0
0,0,2,3,1,0,1,2,273.0
5,5,4,5,3,2,4,4,274.0
1,0,2,1,4,4,3,3,275.0
5,1,3,2,5,4,5,5,276.0
3,3,3,5,5,4,5,1,277.0
2,0,5,5,2,2,3,3,278.0
2,1,5,0,3,2,3,4,279.0
4,1,0,3,4,1,3,5,280.0
0,2,1,3,0,4,3,4,281.0
5,3,5,3,2,5,5,5,282.0
5,2,3,4,3,0,3,5,283.0
4,5,5,4,2,0,3,2,284.0
5,5,0,3,2,0,2,3,285.0
0,4,4,3,4,5,5,5,286.0
4,4,3,5,4,3,4,4,287.0
1,3,5,1,3,4,3,1,288.0
4,2,4,1,3,1,3,3,289.0
1,0,1,3,0,0,1,4,290.0
4,1,4,0,1,0,1,0,291.0
2,1,1,5,5,2,4,3,292.0
0,2,2,0,4,5,3,0,293.0
1,3,2,5,3,4,4,0,294.0
0,3,3,4,1,2,3,5,295.0
3,2,4,5,1,5,4,4,296.0
1,4,1,2,0,2,2,0,297.0
1,1,4,5,1,0,2,1,298.0
2,0,0,1,1,4,2,2,299.0
2,5,2,4,2,4,3,0,300.0
1,4,4,2,0,3,3,3,301.0
4,1,0,5,2,3,3,2,302.0
0,0,0,3,4,2,3,5,303.0
4,4,2,4,5,5,5,1,304.0
5,2,3,1,2,4,3,0,305.0
1,4,0,5,2,5,3,1,306.0
2,5,4,4,3,5,5,3,307.0
5,0,4,5,1,1,3,1,308.0
4,2,4,0,2,1,2,0,309.0
0,4,2,5,1,3,3,1,310.0
2,4,3,5,0,1,2,2,311.0
2,5,1,1,2,2,2,4,312.0
5,4,4,2,0,0,2,0,313.0
1,3,2,5,5,4,4,2,314.0
0,0,4,0,1,0,1,1,315.0
1,2,2,1,4,4,3,2,316.0
4,1,2,2,4,2,3,0,317.0
1,4,5,0,0,5,3,3,318.0
3,1,2,0,2,1,2,0,319.0
5,4,4,0,0,0,2,5,320.0
0,0,0,3,3,3,2,0,321.0
0,2,2,2,2,0,2,4,322.0
3,3,3,3,3,0,3,2,323.0
4,0,5,5,1,2,4,5,324.0
5,2,4,0,0,3,3,4,325.0
4,2,4,5,1,0,3,4,326.0
5,3,4,1,5,4,4,2,327.0
5,0,5,3,4,1,4,4,328.0
3,1,4,5,2,3,3,0,329.0
0,1,5,1,1,1,2,3,330.0
5,5,3,0,3,1,3,5,331.0
3,1,5,3,2,2,3,4,332.0
2,0,1,5,0,4,3,0,333.0
1,3,0,2,0,1,1,1,334.0
4,2,0,1,4,3,3,2,335.0
0,5,3,1,2,4,3,3,336.0
3,4,1,3,5,4,4,1,337.0
0,0,5,1,2,4,3,3,338.0
2,0,1,1,5,0,2,3,339.0
5,3,5,0,1,4,4,4,340.0
3,0,1,4,3,0,2,4,341.0
5,3,2,2,2,5,4,5,342.0
0,3,5,1,4,4,4,0,343.0
2,4,5,4,5,2,4,1,344.0
0,3,4,4,1,0,2,1,345.0
4,1,3,4,5,1,3,0,346.0
3,4,2,1,1,0,1,0,347.0
4,2,2,5,3,1,3,3,348.0
1,2,3,5,5,3,4,0,349.0
0,3,0,4,3,1,2,3,350.0
2,1,0,5,0,1,2,3,351.0
2,0,2,1,4,5,3,1,352.0
2,0,1,3,0,3,2,5,353.0
3,4,5,5,5,1,4,4,354.0
1,5,5,5,0,4,4,1,355.0
1,5,4,5,2,5,4,1,356.0
1,2,1,4,5,4,4,1,357.0
0,1,0,1,4,4,3,2,358.0
0,2,0,0,3,0,1,2,359.0
5,3,2,1,3,5,4,5,360.0
1,2,5,1,4,2,3,5,361.0
2,4,2,3,1,4,3,4,362.0
3,3,2,3,4,0,3,4,363.0
5,2,1,0,4,4,3,2,364.0
3,4,0,2,2,3,2,0,365.0
1,3,4,5,1,4,4,3,366.0
1,5,4,2,1,5,4,4,367.0
4,1,0,1,4,0,2,2,368.0
0,5,3,0,1,5,3,1,369.0
2,0,0,0,5,4,3,5,370.0
2,0,1,5,5,5,5,5,371.0
5,2,2,3,2,4,4,5,372.0
0,2,4,5,4,4,4,4,373.0
3,2,0,0,5,5,3,2,374.0
5,2,1,5,2,1,3,1,375.0
4,0,1,2,0,1,2,3,376.0
2,2,3,3,3,4,4,4,377.0
2,0,1,2,3,5,3,1,378.0
5,0,5,4,0,1,3,4,379.0
5,1,5,5,2,3,4,0,380.0
4,1,4,2,5,0,3,2,381.0
1,1,3,0,5,3,3,0,382.0
0,3,2,1,3,4,3,5,383.0
2,3,5,1,0,3,3,4,384.0
3,1,1,4,0,0,1,0,385.0
1,3,4,4,1,0,2,2,386.0
2,0,0,4,1,4,3,1,387.0
2,1,3,2,5,3,4,3,388.0
0,1,1,1,5,1,2,0,389.0
4,3,1,3,2,2,3,1,390.0
1,1,1,4,2,3,3,5,391.0
3,3,0,1,4,5,4,3,392.0
0,5,3,4,0,5,4,5,393.0
1,3,0,5,2,3,3,3,394.0
2,3,0,5,2,4,3,3,395.0
5,4,4,5,4,0,4,3,396.0
0,4,1,5,1,0,2,0,397.0
5,5,4,1,3,5,4,1,398.0
1,2,5,1,3,0,2,1,399.0
5,0,4,2,0,5,3,3,400.0
3,2,3,3,4,4,4,3,401.0
3,2,5,4,1,5,4,1,402.0
0,1,1,2,4,4,3,5,403.0
3,3,5,5,1,3,4,1,404.0
1,2,1,1,1,2,2,1,405.0
2,1,1,2,4,5,4,3,406.0
2,5,1,0,2,5,3,5,407.0
3,4,1,4,4,5,4,4,408.0
4,3,1,2,0,4,2,0,409.0
4,4,2,5,4,5,5,0,410.0
2,4,5,1,4,1,3,3,411.0
1,2,3,1,2,1,2,2,412.0
4,1,0,1,0,2,2,2,413.0
3,3,2,4,0,0,2,5,414.0
3,5,0,2,0,0,1,2,415.0
1,4,5,0,0,2,2,2,416.0
3,2,2,3,0,1,2,1,417.0
2,3,2,0,3,0,2,3,418.0
0,0,5,4,1,5,4,1,419.0
3,2,2,2,1,0,2,3,420.0
1,5,5,1,2,5,4,2,421.0
4,1,3,2,5,0,3,1,422.0
1,2,2,4,1,0,2,3,423.0
0,1,5,5,2,0,3,4,424.0
5,4,4,2,2,5,4,3,425.0
5,3,2,3,5,1,3,2,426.0
4,5,4,0,1,5,3,1,427.0
1,3,4,0,0,3,2,2,428.0
2,1,2,5,5,2,4,2,429.0
5,2,4,1,5,4,4,1,430.0
1,2,5,1,2,0,2,3,431.0
0,3,3,4,5,4,4,5,432.0
1,3,3,4,0,3,3,3,433.0
2,0,1,2,0,1,2,5,434.0
0,4,5,3,4,5,4,2,435.0
5,4,1,2,0,5,3,5,436.0
1,3,3,3,4,1,3,2,437.0
1,5,0,4,2,0,2,4,438.0
2,1,1,0,3,3,2,2,439.0
3,5,0,2,2,0,2,2,440.0
4,3,0,2,3,1,3,5,441.0
3,5,5,2,1,4,4,3,442.0
4,0,0,0,4,4,3,4,443.0
4,4,1,1,5,3,4,5,444.0
3,4,0,3,0,0,2,5,445.0
4,3,3,0,5,5,4,0,446.0
1,2,4,0,5,5,4,1,447.0
0,4,4,4,1,3,3,4,448.0
2,5,5,4,1,5,5,5,449.0
0,4,3,5,3,5,4,3,450.0
1,3,1,5,5,3,4,3,451.0
3,2,4,2,5,4,4,1,452.0
2,3,4,4,0,4,4,4,453.0
3,0,2,3,4,1,3,0,454.0
5,5,2,1,3,3,3,0,455.0
1,0,2,3,4,1,2,0,456.0
5,0,4,4,4,0,3,5,457.0
1,3,1,5,3,0,2,3,458.0
2,0,3,3,4,2,3,2,459.0
3,3,4,3,0,2,3,3,460.0
3,5,5,5,0,1,3,1,461.0
5,5,4,0,3,1,3,5,462.0
5,2,3,4,5,5,5,3,463.0
4,0,5,1,4,1,3,0,464.0
4,0,2,2,5,3,4,2,465.0
5,5,1,4,0,5,3,1,466.0
4,5,4,2,5,5,5,5,467.0
3,3,2,2,3,2,3,4,468.0
4,2,3,3,4,3,4,2,469.0
0,1,4,4,3,3,3,0,470.0
1,1,0,4,4,4,3,3,471.0
4,0,0,0,2,1,1,1,472.0
3,5,3,2,5,3,4,5,473.0
4,3,5,4,3,4,4,2,474.0
2,3,1,0,5,2,3,4,475.0
4,4,2,5,3,2,4,4,476.0
4,3,5,5,5,3,5,5,477.0
2,2,1,1,2,1,2,2,478.0
5,0,1,4,5,0,3,2,479.0
1,2,3,3,4,1,3,5,480.0
0,4,5,1,3,3,3,2,481.0
1,0,0,0,2,1,1,1,482.0
1,0,0,0,1,0,0,0,483.0
4,1,4,0,5,5,5,5,484.0
0,4,4,4,1,1,3,3,485.0
0,4,0,1,1,1,1,2,486.0
4,5,0,2,0,1,2,5,487.0
4,4,1,5,0,0,2,4,488.0
0,5,5,1,1,5,3,0,489.0
5,4,2,5,3,3,4,0,490.0
3,5,5,5,5,4,5,3,491.0
0,0,2,5,2,5,4,5,492.0
2,1,5,0,5,5,4,1,493.0
0,2,5,2,2,2,3,0,494.0
5,5,5,4,3,3,4,2,495.0
3,1,1,3,2,3,3,2,496.0
1,2,3,3,4,2,3,4,497.0
1,2,2,0,1,2,2,3,498.0
1,3,2,0,5,1,3,3,499.0
1,2,5,0,4,0,2,1,500.0
2,1,4,3,5,1,4,5,501.0
3,4,5,5,0,2,3,3,502.0
3,4,1,3,0,3,2,2,503.0
5,4,5,0,0,1,2,1,504.0
1,4,1,1,2,0,1,2,505.0
3,2,0,2,5,3,3,1,506.0
0,5,1,4,2,4,3,3,507.0
1,3,0,4,5,1,3,0,508.0
3,2,5,0,4,0,3,4,509.0
5,2,1,5,1,0,2,4,510.0
2,0,1,3,0,3,2,1,511.0
3,5,3,3,5,5,5,5,512.0
3,0,2,2,5,4,4,0,513.0
3,1,4,0,2,5,3,1,514.0
5,4,2,2,1,2,3,5,515.0
3,1,4,1,5,0,3,3,516.0
2,3,0,3,2,5,3,0,517.0
0,1,0,1,2,1,1,4,518.0
1,4,5,2,5,2,4,4,519.0
0,4,0,2,3,3,2,0,520.0
2,4,3,4,4,3,4,3,521.0
4,5,5,5,1,0,3,5,522.0
1,0,3,1,0,1,1,2,523.0
0,5,4,1,0,1,2,1,524.0
1,5,3,2,2,3,3,0,525.0
3,0,3,3,0,3,2,1,526.0
0,5,2,3,1,1,2,1,527.0
5,4,4,1,2,5,4,2,528.0
5,4,3,3,3,0,3,0,529.0
1,3,4,3,3,2,3,5,530.0
2,2,2,4,1,5,3,1,531.0
2,2,1,1,3,4,3,5,532.0
4,1,4,4,0,0,2,5,533.0
3,1,4,4,1,4,3,1,534.0
3,4,0,4,5,1,3,0,535.0
4,3,1,1,3,0,2,0,536.0
3,0,5,2,2,2,3,0,537.0
0,5,4,1,0,2,2,5,538.0
0,5,1,3,1,4,3,5,539.0
5,5,4,3,5,3,4,1,540.0
5,1,1,4,0,5,3,3,541.0
1,0,5,3,3,1,3,4,542.0
0,1,5,1,0,1,2,2,543.0
3,4,1,3,4,0,3,2,544.0
3,2,1,3,5,1,3,2,545.0
3,2,2,0,0,3,2,2,546.0
4,1,0,3,5,0,2,1,547.0
1,2,0,2,5,5,4,2,548.0
1,2,5,2,4,3,4,4,549.0
2,4,2,1,3,3,3,0,550.0
3,3,3,2,0,1,2,2,551.0
5,0,2,3,5,2,4,3,552.0
1,2,0,2,1,4,2,0,553.0
4,1,5,5,3,1,4,5,554.0
4,0,0,0,2,4,3,4,555.0
3,2,3,2,2,0,2,3,556.0
0,4,4,2,0,1,2,4,557.0
1,3,5,1,3,3,4,5,558.0
4,4,2,1,0,5,3,1,559.0
0,2,5,3,1,4,3,3,560.0
1,4,2,1,1,3,2,3,561.0
2,2,4,3,4,4,4,4,562.0
1,2,2,4,2,1,2,3,563.0
0,1,1,2,5,1,2,0,564.0
2,1,1,3,1,5,3,0,565.0
1,3,3,3,2,0,2,0,566.0
0,2,2,4,2,0,2,3,567.0
0,0,2,1,4,4,3,0,568.0
2,0,5,1,5,0,3,4,569.0
0,1,3,0,5,0,2,2,570.0
3,3,1,3,0,3,2,0,571.0
0,2,4,3,0,0,2,3,572.0
1,5,5,2,3,3,4,3,573.0
1,5,1,0,2,1,1,0,574.0
3,4,3,3,5,2,4,5,575.0
0,2,4,3,0,5,3,0,576.0
0,3,5,0,4,3,3,1,577.0
0,3,3,0,4,2,2,0,578.0
3,2,3,0,0,5,3,0,579.0
2,2,0,3,1,0,1,2,580.0
1,3,3,2,1,2,2,2,581.0
4,0,5,0,4,4,4,1,582.0
1,3,5,3,2,3,3,3,583.0
4,1,5,4,3,0,3,4,584.0
2,5,0,3,3,0,2,4,585.0
3,4,4,4,2,5,5,5,586.0
0,1,5,4,3,3,3,1,587.0
5,2,0,0,1,0,1,5,588.0
4,0,2,3,5,1,3,3,589.0
2,0,4,3,1,0,2,3,590.0
3,2,3,1,0,3,2,0,591.0
0,3,1,0,1,3,2,2,592.0
0,2,0,0,1,3,1,0,593.0
1,4,3,2,5,2,3,1,594.0
4,5,0,1,2,2,2,3,595.0
2,2,1,4,0,1,2,5,596.0
3,4,3,4,0,1,3,4,597.0
1,1,5,1,1,5,3,2,598.0
2,5,0,2,0,4,2,2,599.0
2,0,5,4,1,2,3,3,600.0
2,3,0,3,3,4,3,5,601.0
4,1,1,3,2,1,2,1,602.0
2,1,2,2,2,2,2,1,603.0
5,3,0,3,1,1,2,0,604.0
3,2,0,1,3,4,3,3,605.0
2,4,3,5,3,4,4,2,606.0
5,3,2,5,1,5,4,1,607.0
3,4,0,4,1,3,3,1,608.0
5,0,5,1,3,4,4,3,609.0
0,3,0,5,5,1,3,0,610.0
4,1,2,5,1,2,3,0,611.0
5,2,0,4,2,2,3,0,612.0
3,0,0,5,2,2,3,5,613.0
4,0,4,2,4,3,4,5,614.0
1,4,0,2,5,0,2,1,615.0
2,4,5,3,5,4,4,0,616.0
2,2,0,4,1,1,2,1,617.0
2,3,1,3,2,2,3,4,618.0
4,0,1,2,1,5,3,2,619.0
4,1,3,4,0,4,3,2,620.0
5,4,4,4,4,4,5,2,621.0
1,1,4,3,2,3,3,4,622.0
2,5,4,1,4,3,4,2,623.0
4,4,4,4,5,2,4,2,624.0
2,3,0,4,5,4,4,1,625.0
0,0,5,3,5,0,3,5,626.0
4,3,4,4,2,0,3,1,627.0
5,4,3,3,1,5,4,5,628.0
2,2,4,4,5,4,4,2,629.0
0,4,3,5,2,2,3,3,630.0
5,0,0,4,2,5,4,3,631.0
4,2,2,3,4,5,4,4,632.0
0,1,0,4,0,2,2,5,633.0
0,5,1,4,4,5,4,1,634.0
4,0,2,1,5,3,4,5,635.0
1,2,5,3,3,1,3,2,636.0
5,4,5,0,5,2,4,1,637.0
2,4,0,3,2,5,3,1,638.0
1,3,3,4,4,5,5,5,639.0
4,1,5,0,4,2,3,1,640.0
0,2,3,4,1,2,3,3,641.0
3,5,4,3,3,2,3,0,642.0
4,2,4,5,3,0,3,1,643.0
3,4,1,3,3,3,3,3,644.0
3,1,4,3,2,0,2,0,645.0
4,3,5,5,3,0,3,0,646.0
3,5,5,4,2,2,3,0,647.0
2,0,5,2,0,2,3,5,648.0
1,4,5,1,5,2,4,4,649.0
2,3,3,0,1,2,2,2,650.0
3,2,2,0,5,2,3,2,651.0
4,0,0,3,2,5,4,5,652.0
3,1,3,5,3,4,4,3,653.0
1,1,0,3,1,2,2,2,654.0
4,0,3,1,1,0,1,1,655.0
3,5,1,3,4,5,4,1,656.0
4,0,4,2,0,0,2,2,657.0
2,1,2,1,4,2,3,3,658.0
1,2,5,5,4,3,4,5,659.0
4,2,5,2,1,0,2,1,660.0
4,2,3,3,1,0,2,2,661.0
1,1,1,3,2,0,2,3,662.0
4,0,3,3,5,3,4,5,663.0
2,5,2,5,3,5,4,0,664.0
0,4,1,4,4,2,3,4,665.0
5,2,0,4,3,2,3,3,666.0
0,2,4,0,0,0,1,3,667.0
1,3,2,3,4,0,3,3,668.0
4,5,2,1,5,4,4,0,669.0
4,2,2,4,1,3,3,2,670.0
4,5,2,0,1,0,2,3,671.0
2,3,4,2,4,1,3,3,672.0
3,0,3,2,3,2,3,4,673.0
2,4,4,1,3,1,2,0,674.0
2,2,1,3,4,0,2,1,675.0
1,2,4,5,0,1,2,2,676.0
5,2,4,3,0,4,3,2,677.0
0,5,3,0,0,0,1,5,678.0
1,0,5,2,3,5,4,5,679.0
5,3,0,4,0,4,3,5,680.0
1,0,5,3,2,1,3,5,681.0
3,4,0,3,1,3,2,1,682.0
5,2,5,1,1,0,2,0,683.0
2,5,1,3,0,5,3,5,684.0
4,4,0,3,5,5,4,3,685.0
0,0,4,3,1,0,2,4,686.0
5,2,0,1,5,3,4,5,687.0
1,1,5,0,2,3,3,5,688.0
2,0,1,5,2,2,3,1,689.0
2,5,0,3,1,5,3,3,690.0
4,0,1,2,1,3,2,2,691.0
2,1,4,0,1,2,2,1,692.0
0,5,4,5,3,2,3,0,693.0
2,1,5,1,0,4,3,5,694.0
2,4,3,2,3,1,3,4,695.0
2,5,2,4,3,0,3,2,696.0
4,0,0,3,4,3,3,2,697.0
0,2,1,0,2,1,2,4,698.0
3,0,2,2,4,4,3,2,699.0
1,2,1,5,3,1,3,4,700.0
1,3,5,2,1,5,4,4,701.0
2,0,3,3,2,4,3,0,702.0
0,2,2,4,5,3,4,5,703.0
5,3,2,2,4,3,3,0,704.0
3,2,4,0,1,4,3,3,705.0
0,0,0,3,1,4,2,4,706.0
2,0,5,4,4,3,4,2,707.0
4,2,4,4,5,1,4,5,708.0
0,2,3,4,4,1,3,5,709.0
0,1,2,2,2,0,1,2,710.0
3,4,5,2,0,4,3,2,711.0
1,0,3,0,2,1,2,3,712.0
2,1,2,4,4,0,3,4,713.0
2,5,4,4,1,0,3,5,714.0
2,5,3,0,1,0,1,1,715.0
4,1,5,0,2,3,3,0,716.0
2,5,4,2,4,0,3,5,717.0
3,2,5,1,0,5,3,2,718.0
4,0,0,3,4,5,4,4,719.0
2,2,1,2,4,4,4,4,720.0
2,1,0,1,0,4,2,1,721.0
5,4,3,4,0,0,2,2,722.0
5,4,4,2,3,5,4,2,723.0
4,1,1,5,1,1,2,1,724.0
1,5,5,0,2,5,3,0,725.0
3,5,0,0,3,2,3,5,726.0
5,3,1,0,3,3,3,1,727.0
5,0,5,1,0,5,3,1,728.0
0,2,4,1,2,3,3,2,729.0
3,1,5,1,3,5,4,4,730.0
0,5,1,2,5,5,4,1,731.0
4,2,1,2,4,1,3,1,732.0
0,3,1,0,1,2,2,3,733.0
1,5,4,2,1,3,3,2,734.0
1,2,5,3,5,1,3,1,735.0
3,2,4,3,4,4,4,5,736.0
1,0,5,5,4,0,3,5,737.0
2,4,1,0,3,2,3,5,738.0
4,4,0,5,3,0,3,2,739.0
3,2,0,5,5,3,4,3,740.0
5,5,4,4,3,0,4,5,741.0
5,0,1,1,0,3,2,1,742.0
3,3,5,5,3,4,5,2,743.0
1,2,1,4,3,0,2,2,744.0
3,1,5,2,5,0,3,2,745.0
0,3,0,5,0,4,2,1,746.0
2,4,1,3,0,2,2,1,747.0
1,3,5,4,5,3,5,4,748.0
0,5,2,4,3,2,3,4,749.0
1,1,5,4,0,0,2,1,750.0
4,4,2,5,4,0,3,3,751.0
3,4,3,3,2,5,4,5,752.0
4,2,0,2,4,4,3,2,753.0
1,2,4,4,5,1,4,5,754.0
2,3,1,0,2,3,2,2,755.0
0,4,1,1,1,2,2,2,756.0
2,4,1,4,1,1,2,3,757.0
5,3,2,1,1,0,2,1,758.0
4,0,5,4,5,5,5,3,759.0
1,0,1,4,2,1,2,4,760.0
4,1,4,4,3,4,4,5,761.0
1,4,4,4,2,2,3,2,762.0
2,5,1,1,3,4,3,0,763.0
4,4,3,4,4,3,4,0,764.0
2,5,4,0,1,2,2,1,765.0
3,1,3,4,4,0,3,5,766.0
4,3,5,1,1,1,2,1,767.0
2,2,1,3,3,0,2,5,768.0
1,1,4,3,0,0,2,4,769.0
2,0,5,0,2,3,3,5,770.0
3,3,3,1,4,5,4,4,771.0
0,3,1,2,1,4,3,4,772.0
5,1,2,4,1,3,3,4,773.0
4,3,1,0,4,3,3,4,774.0
4,4,3,1,0,4,3,5,775.0
5,5,1,4,4,5,5,4,776.0
4,0,5,4,2,5,5,5,777.0
1,2,3,1,0,1,2,5,778.0
2,4,3,3,1,0,2,1,779.0
2,5,3,1,0,3,2,1,780.0
1,4,1,5,4,2,3,2,781.0
4,3,2,3,3,3,4,3,782.0
0,1,1,4,4,1,2,0,783.0
3,0,1,3,4,0,2,2,784.0
3,1,3,3,5,0,3,2,785.0
3,5,1,2,2,0,2,0,786.0
5,1,3,4,1,3,3,4,787.0
4,3,5,5,0,5,4,4,788.0
5,5,2,2,3,1,3,2,789.0
5,0,2,1,2,2,3,4,790.0
2,3,1,5,0,1,2,3,791.0
1,0,3,0,4,0,2,0,792.0
2,0,4,3,2,4,4,5,793.0
5,1,3,1,5,2,4,5,794.0
5,1,5,5,0,1,3,3,795.0
2,5,1,2,2,1,2,1,796.0
4,5,0,2,0,4,3,3,797.0
0,1,0,2,3,4,2,0,798.0
1,2,2,5,2,1,2,0,799.0
1,3,5,5,1,4,4,2,800.0
1,0,4,4,4,1,3,1,801.0
1,4,5,0,1,1,2,0,802.0
2,3,1,5,3,2,3,3,803.0
2,0,5,1,2,2,2,0,804.0
2,1,1,1,2,0,1,2,805.0
0,0,3,4,1,0,2,3,806.0
1,2,1,0,3,5,3,4,807.0
3,0,3,2,1,5,3,1,808.0
0,2,2,4,1,0,2,5,809.0
2,0,3,2,5,4,4,3,810.0
5,2,0,0,1,3,2,5,811.0
3,2,3,3,0,4,3,5,812.0
1,0,1,2,3,2,2,4,813.0
4,2,5,0,3,1,3,1,814.0
3,2,1,0,2,1,2,5,815.0
3,1,0,0,4,0,2,4,816.0
5,1,2,3,0,0,2,1,817.0
1,0,2,5,4,5,4,1,818.0
3,2,1,4,3,4,4,4,819.0
2,0,2,0,2,5,3,1,820.0
5,0,0,5,1,4,3,5,821.0
2,2,3,1,5,0,3,2,822.0
2,3,3,4,2,1,3,4,823.0
0,5,3,5,0,3,3,4,824.0
1,2,3,5,4,3,4,3,825.0
2,0,3,5,1,4,3,2,826.0
0,2,1,2,1,2,2,1,827.0
2,1,5,1,0,3,3,4,828.0
4,4,4,5,1,5,4,1,829.0
4,0,3,0,2,0,2,3,830.0
0,5,3,5,1,5,4,0,831.0
4,4,3,3,5,2,4,4,832.0
2,2,5,1,5,3,4,1,833.0
5,0,5,4,0,1,3,2,834.0
3,3,1,5,1,5,4,5,835.0
4,2,1,2,0,3,3,5,836.0
4,1,1,4,1,0,2,0,837.0
5,2,4,4,0,5,4,1,838.0
2,4,3,4,3,0,3,5,839.0
0,5,4,5,4,4,4,0,840.0
5,4,3,2,0,0,2,1,841.0
3,1,4,1,2,2,3,3,842.0
4,3,3,0,1,0,2,2,843.0
3,3,5,3,1,3,3,2,844.0
3,5,0,5,5,5,5,5,845.0
1,2,0,1,4,5,3,0,846.0
5,4,0,3,3,0,2,3,847.0
0,1,3,5,3,4,4,3,848.0
3,4,3,5,1,0,3,5,849.0
0,1,0,5,3,0,2,2,850.0
4,4,3,2,2,1,3,1,851.0
0,1,1,3,4,0,2,2,852.0
5,0,2,0,0,0,1,2,853.0
5,0,4,2,1,4,3,2,854.0
0,2,3,5,3,0,2,0,855.0
0,0,3,2,3,5,4,4,856.0
2,0,0,1,2,3,2,0,857.0
3,4,0,5,3,2,3,1,858.0
2,2,5,4,5,5,5,1,859.0
4,3,2,5,2,4,4,5,860.0
5,4,1,5,1,3,3,4,861.0
2,1,4,1,5,5,4,2,862.0
2,2,2,1,1,5,3,4,863.0
5,0,5,4,1,4,4,2,864.0
1,0,3,1,4,4,3,4,865.0
2,0,0,5,2,3,3,4,866.0
3,4,4,0,3,0,2,0,867.0
1,0,0,0,2,3,2,4,868.0
3,5,4,0,1,2,2,2,869.0
0,4,5,3,5,1,3,1,870.0
0,5,0,4,3,5,4,4,871.0
0,5,3,3,0,0,2,3,872.0
4,1,1,3,5,5,4,3,873.0
1,4,2,0,4,3,3,2,874.0
3,5,0,1,2,3,3,3,875.0
0,1,3,5,5,3,4,4,876.0
2,3,2,5,5,2,4,2,877.0
1,5,4,5,3,1,3,3,878.0
4,1,5,0,0,1,2,0,879.0
3,1,1,0,3,1,2,2,880.0
5,1,5,5,3,3,4,4,881.0
4,4,2,0,5,0,3,5,882.0
1,0,2,1,5,4,3,0,883.0
3,3,1,5,5,2,4,4,884.0
0,3,3,1,3,1,2,0,885.0
2,5,4,2,4,1,3,1,886.0
4,4,4,3,5,5,5,0,887.0
5,4,4,4,1,4,4,5,888.0
1,0,0,4,5,0,2,1,889.0
0,5,2,1,4,5,4,4,890.0
3,4,4,3,5,5,5,4,891.0
5,5,1,5,1,3,3,2,892.0
3,4,4,1,0,3,3,4,893.0
0,2,4,0,0,4,3,4,894.0
1,2,2,2,4,3,3,5,895.0
2,0,5,4,1,5,4,5,896.0
1,2,4,1,2,0,2,4,897.0
3,2,0,2,2,1,2,3,898.0
0,4,4,3,5,3,4,1,899.0
5,2,0,1,5,5,4,5,900.0
2,3,0,2,5,2,3,4,901.0
5,5,3,4,5,0,3,1,902.0
3,0,1,2,2,3,3,3,903.0
0,3,5,3,0,4,3,0,904.0
2,1,4,3,3,2,3,1,905.0
1,5,4,5,4,5,5,1,906.0
4,2,1,2,4,0,3,5,907.0
4,5,4,2,5,2,4,4,908.0
0,1,1,4,5,3,3,1,909.0
4,3,0,2,3,1,2,2,910.0
3,0,1,2,2,0,1,0,911.0
2,2,3,3,2,5,3,0,912.0
1,2,5,3,0,3,3,1,913.0
5,3,0,2,0,3,2,3,914.0
0,3,2,2,3,5,4,5,915.0
3,2,4,1,2,4,3,3,916.0
2,0,0,1,3,5,3,4,917.0
4,3,4,5,3,1,3,1,918.0
0,0,0,2,2,2,2,2,919.0
3,5,2,1,1,2,3,4,920.0
0,2,1,4,2,5,3,0,921.0
2,0,4,1,3,2,3,2,922.0
0,3,3,4,4,2,4,5,923.0
1,3,0,1,3,4,3,0,924.0
0,2,4,3,3,4,4,2,925.0
0,3,4,0,0,5,3,1,926.0
3,2,1,0,4,4,3,2,927.0
5,2,1,0,2,4,3,1,928.0
2,4,4,1,4,2,3,2,929.0
1,2,5,5,1,3,4,5,930.0
1,0,5,0,2,0,2,4,931.0
2,1,0,5,5,5,4,1,932.0
2,2,0,3,0,3,2,1,933.0
0,1,0,2,2,3,2,0,934.0
0,3,0,4,0,4,2,1,935.0
0,0,5,0,1,0,1,2,936.0
1,0,4,4,1,0,2,1,937.0
1,3,3,1,5,1,3,2,938.0
5,1,1,5,5,4,4,2,939.0
0,0,1,2,4,4,3,3,940.0
5,2,0,0,0,1,1,0,941.0
0,0,0,0,4,5,3,2,942.0
2,1,5,3,0,5,3,2,943.0
2,3,1,1,3,3,3,2,944.0
4,4,5,4,1,1,3,2,945.0
4,2,5,4,5,0,3,0,946.0
5,0,0,2,2,1,2,3,947.0
2,2,3,1,4,1,3,4,948.0
5,4,0,4,2,3,3,1,949.0
1,5,2,3,5,2,4,5,950.0
5,4,2,1,0,1,2,4,951.0
0,5,0,4,4,3,3,2,952.0
2,5,5,3,3,4,5,5,953.0
1,1,4,3,1,3,3,5,954.0
4,1,5,4,2,4,4,1,955.0
3,3,5,0,5,1,3,1,956.0
4,2,2,2,5,4,4,2,957.0
1,3,1,2,3,0,2,0,958.0
2,0,1,5,5,3,4,5,959.0
5,3,3,4,2,0,3,4,960.0
0,4,0,1,2,3,2,3,961.0
3,3,4,3,2,1,3,3,962.0
4,5,0,3,3,1,2,1,963.0
3,1,1,0,1,2,2,1,964.0
2,4,2,0,1,1,2,5,965.0
4,5,4,3,5,0,4,3,966.0
3,4,2,0,3,4,3,0,967.0
3,4,5,0,0,0,2,3,968.0
1,1,5,2,0,0,2,4,969.0
4,4,3,3,4,0,3,1,970.0
3,5,4,0,2,1,2,1,971.0
1,0,2,0,4,4,3,4,972.0
4,0,4,5,2,5,5,4,973.0
1,5,3,2,2,1,2,3,974.0
1,3,1,5,2,2,3,2,975.0
3,3,2,2,4,5,4,3,976.0
3,0,4,5,2,0,3,3,977.0
3,3,4,2,4,4,4,2,978.0
5,2,5,3,5,4,5,0,979.0
4,4,1,1,0,1,2,4,980.0
0,5,4,0,5,0,3,4,981.0
1,4,4,5,5,1,4,2,982.0
4,5,0,0,5,1,3,5,983.0
4,5,3,4,4,2,4,2,984.0
4,0,2,0,4,5,4,3,985.0
2,2,2,0,4,3,3,5,986.0
4,1,2,1,2,2,2,1,987.0
5,0,1,5,2,4,4,3,988.0
1,0,3,4,2,5,4,4,989.0
1,0,2,3,4,5,4,4,990.0
3,0,0,4,1,1,2,1,991.0
4,2,4,0,5,0,3,1,992.0
5,3,2,0,2,5,4,5,993.0
1,3,3,5,2,5,4,2,994.0
3,4,1,2,3,5,4,2,995.0
5,2,1,0,1,3,2,2,996.0
1,1,0,1,0,0,1,3,997.0
2,0,2,5,4,4,4,2,998.0
2,0,0,2,5,2,3,4,999.0
