,attend_lecture_rate,attend_practice_rate,group_session,hours_exam_prep,hours_studying,problem_sets_done_rate,problem_sets_success_rate,success
0,3,3,0,1,1,0,1,1
1,1,1,5,2,1,3,5,3
2,3,2,3,2,0,4,3,3
3,0,0,0,4,3,0,3,2
4,3,1,4,2,3,3,3,3
5,1,1,2,1,4,3,4,3
6,2,5,1,5,5,1,5,4
7,2,4,4,0,1,0,1,1
8,2,5,5,1,0,2,1,2
9,0,4,5,1,0,3,4,3
10,2,4,0,1,1,4,1,2
11,3,5,1,1,3,0,3,3
12,1,4,0,1,1,0,1,1
13,0,0,5,4,4,5,4,4
14,2,4,4,0,4,4,5,4
15,3,4,0,4,0,2,2,3
16,0,2,2,5,5,0,2,3
17,0,4,0,3,0,1,5,3
18,4,0,2,3,1,2,3,3
19,2,2,2,3,1,5,4,4
20,1,5,3,1,1,4,1,3
21,4,0,4,2,5,1,1,3
22,3,0,2,0,3,4,0,2
23,5,3,5,3,5,5,2,4
24,2,5,4,0,4,2,0,2
25,4,2,0,0,3,0,3,2
26,3,1,5,1,0,3,0,2
27,4,4,4,3,2,0,3,3
28,2,3,2,3,4,4,3,4
29,0,2,1,0,1,5,0,2
30,3,3,5,2,0,4,1,3
31,1,5,3,4,0,5,0,3
32,4,5,3,4,4,3,1,4
33,0,1,0,3,5,2,3,3
34,4,4,3,2,3,3,0,3
35,4,5,1,4,1,5,4,4
36,5,1,4,5,0,4,5,4
37,5,1,0,2,4,5,2,4
38,0,3,5,3,4,3,4,4
39,1,3,4,4,2,0,2,2
40,3,3,1,3,1,1,5,3
41,0,0,2,1,1,1,4,2
42,1,2,5,2,2,3,2,3
43,0,2,0,3,5,3,5,4
44,5,3,0,2,0,4,0,2
45,4,2,3,1,3,3,1,3
46,5,0,5,3,5,0,0,2
47,3,1,3,1,0,1,2,2
48,1,5,4,1,1,2,4,3
49,0,5,3,1,5,5,1,3
50,2,2,1,5,3,0,4,3
51,3,3,3,3,1,1,4,3
52,5,4,0,4,1,5,4,4
53,4,4,5,0,5,1,0,2
54,0,5,1,0,0,4,0,2
55,2,4,3,1,5,5,3,4
56,3,2,5,0,4,2,4,3
57,2,0,2,5,1,4,0,2
58,0,0,5,1,3,1,5,3
59,1,1,2,3,3,0,4,3
60,3,0,3,0,0,2,3,2
61,5,1,1,5,5,3,3,4
62,1,2,3,5,0,2,3,3
63,5,0,5,0,3,3,4,3
64,2,4,0,5,4,4,4,4
65,0,5,2,1,5,4,4,4
66,0,0,4,4,5,4,0,3
67,2,0,4,4,2,1,1,2
68,1,3,5,5,0,2,3,3
69,2,0,2,1,5,1,0,2
70,5,3,0,0,5,2,4,3
71,2,0,0,2,5,1,3,3
72,2,3,4,3,3,1,0,2
73,1,1,2,2,1,1,1,1
74,4,5,5,2,1,3,1,3
75,1,2,1,4,0,1,0,1
76,2,5,0,0,1,1,2,2
77,2,4,3,1,0,2,4,3
78,3,4,4,3,4,3,3,4
79,2,4,4,5,2,4,5,5
80,1,4,0,5,3,1,0,2
81,3,3,4,4,2,3,0,3
82,3,4,1,5,5,1,3,4
83,3,2,3,5,0,1,1,2
84,5,0,4,4,3,4,0,3
85,2,5,5,1,3,5,5,5
86,5,5,5,2,4,3,2,4
87,0,0,4,5,5,0,2,3
88,5,2,0,4,0,0,1,2
89,1,2,2,4,2,4,1,3
90,4,4,1,4,0,1,3,3
91,0,2,5,5,2,2,0,2
92,1,0,2,2,3,4,2,3
93,5,0,3,5,3,5,1,4
94,5,3,2,4,4,4,2,4
95,0,0,3,5,2,1,1,2
96,4,0,2,3,2,5,3,4
97,1,0,4,2,3,1,0,2
98,4,5,4,2,3,2,4,4
99,1,1,5,0,3,5,1,3
100,2,4,5,0,2,2,2,2
101,5,0,4,3,4,5,0,3
102,5,4,3,0,2,3,5,4
103,3,0,4,0,0,3,4,3
104,0,0,3,2,5,5,3,4
105,1,2,5,2,2,3,3,3
106,2,5,3,3,0,5,0,3
107,2,4,2,0,1,1,0,1
108,4,0,4,1,5,4,5,4
109,1,1,3,3,3,0,3,2
110,1,3,2,2,0,1,4,2
111,1,3,1,2,3,5,0,3
112,0,0,5,0,2,5,5,4
113,0,0,5,2,4,0,5,3
114,1,0,0,5,1,0,3,2
115,2,1,3,5,0,0,2,2
116,4,4,3,4,2,3,5,4
117,1,3,4,2,3,0,1,2
118,4,4,0,3,5,5,0,3
119,3,4,5,3,2,5,3,4
120,2,0,5,0,3,2,3,3
121,5,5,1,5,3,3,1,4
122,2,3,3,1,2,5,1,3
123,0,5,2,1,4,2,4,3
124,4,4,1,1,0,3,0,2
125,2,4,0,2,1,5,1,3
126,2,5,3,4,2,5,0,3
127,0,4,4,2,5,3,5,4
128,4,1,3,1,5,2,1,3
129,1,4,4,4,5,1,2,3
130,4,5,1,5,3,0,5,4
131,4,1,3,0,2,4,5,4
132,4,3,3,3,4,0,2,3
133,4,5,2,5,0,1,0,2
134,4,3,4,2,5,0,1,3
135,4,1,5,0,0,5,2,3
136,0,1,1,1,2,3,0,1
137,1,2,4,2,5,2,2,3
138,2,1,4,5,3,5,1,4
139,0,5,2,5,3,1,3,3
140,0,3,0,1,0,4,5,3
141,1,3,4,3,3,4,5,4
142,1,0,3,5,5,4,3,4
143,5,2,4,4,4,1,5,4
144,4,5,3,5,5,1,0,3
145,1,3,1,2,4,3,0,2
146,0,5,5,0,3,3,2,3
147,0,5,5,4,5,4,0,3
148,5,1,1,4,5,3,4,4
149,5,0,3,0,4,4,3,3
150,5,3,4,3,1,3,4,4
151,2,2,2,4,2,2,3,3
152,3,4,2,4,1,3,3,3
153,5,1,5,0,5,0,0,2
154,5,2,5,5,0,0,2,3
155,5,1,0,1,3,1,0,2
156,1,4,5,3,2,5,2,4
157,5,5,5,5,3,1,0,3
158,0,0,4,3,4,0,2,2
159,5,3,0,4,5,4,5,5
160,0,3,5,5,3,5,0,3
161,3,1,0,1,5,3,4,3
162,5,0,3,3,1,0,5,3
163,0,0,5,4,4,3,1,3
164,5,1,4,3,1,0,2,2
165,4,1,4,3,5,1,4,4
166,0,4,0,2,1,2,0,1
167,3,1,5,0,2,5,0,2
168,1,3,5,3,2,5,3,4
169,2,2,1,1,2,5,0,2
170,1,4,3,4,3,0,1,2
171,3,1,2,2,4,2,0,2
172,0,2,3,5,1,1,3,3
173,4,2,2,0,1,0,1,1
174,1,5,5,4,0,4,4,4
175,5,2,2,4,0,4,2,3
176,2,1,4,2,4,2,5,4
177,5,5,3,4,5,1,5,5
178,3,4,4,5,5,1,0,3
179,5,0,3,5,2,5,3,4
180,2,3,0,0,1,1,3,2
181,1,3,0,0,0,2,3,2
182,0,4,5,3,4,1,4,4
183,4,3,3,3,5,5,2,4
184,0,5,0,2,4,5,5,4
185,1,3,5,5,2,5,3,4
186,1,1,1,1,4,0,1,1
187,3,3,4,3,0,1,4,3
188,4,0,5,4,4,1,5,4
189,1,0,4,4,1,1,3,2
190,5,0,5,3,4,4,0,3
191,4,1,5,5,3,0,5,4
192,4,4,0,5,2,3,0,3
193,1,1,0,3,5,5,3,4
194,3,4,1,4,1,2,0,2
195,0,4,3,3,2,3,0,2
196,3,0,4,3,4,3,3,4
197,5,3,2,1,5,5,5,5
198,2,0,2,1,5,4,4,4
199,0,2,5,4,1,5,1,3
200,5,3,1,3,5,2,4,4
201,4,1,4,3,5,4,4,4
202,4,2,1,3,1,4,2,3
203,4,3,2,1,1,2,3,3
204,4,1,4,4,5,2,3,4
205,3,2,2,2,0,3,0,2
206,5,4,3,4,3,0,1,3
207,4,3,4,1,4,2,4,4
208,1,5,1,5,0,0,5,3
209,3,2,2,0,4,2,1,2
210,5,4,2,0,2,4,4,4
211,3,5,5,2,1,0,3,3
212,2,2,4,1,3,4,4,4
213,5,1,1,2,0,0,0,1
214,4,2,4,5,5,4,0,4
215,4,3,2,0,5,5,4,4
216,1,1,4,5,4,3,1,3
217,1,0,2,3,2,5,3,3
218,1,0,5,0,4,1,1,2
219,4,2,2,4,1,1,3,3
220,1,2,2,3,4,5,4,4
221,1,3,1,3,2,3,1,2
222,3,0,0,4,5,5,5,5
223,1,4,5,0,2,5,3,3
224,5,2,0,3,4,5,1,4
225,5,2,3,4,4,3,5,5
226,4,3,0,3,4,4,5,5
227,4,2,2,1,1,0,1,1
228,3,5,0,1,5,4,0,3
229,1,5,1,5,4,1,2,3
230,1,2,3,5,1,3,1,3
231,4,2,0,2,2,5,5,4
232,1,4,2,5,3,5,3,4
233,2,1,1,3,1,1,5,3
234,3,4,0,1,3,3,2,3
235,1,1,1,5,4,2,5,4
236,0,1,1,4,4,0,0,2
237,4,4,3,5,2,3,2,4
238,3,2,1,1,5,0,2,2
239,4,5,3,4,1,3,2,3
240,3,3,2,5,2,3,4,4
241,5,1,3,5,0,0,1,2
242,4,1,0,2,0,0,2,2
243,5,2,3,0,2,3,0,2
244,1,1,5,1,2,0,2,2
245,3,1,4,1,4,4,4,4
246,5,4,4,5,0,5,2,4
247,1,5,5,2,2,2,1,3
248,4,4,1,1,5,5,3,4
249,2,5,4,2,5,1,2,3
250,5,2,5,3,4,1,3,4
251,2,0,2,2,4,3,5,4
252,1,1,2,5,5,1,1,3
253,1,3,2,5,2,5,3,4
254,5,5,4,2,4,2,5,4
255,2,3,0,0,4,3,0,2
256,4,4,3,1,3,3,5,4
257,3,5,1,5,4,2,5,5
258,5,0,1,2,5,1,4,3
259,3,4,5,4,3,2,2,3
260,3,5,0,5,5,4,3,5
261,1,5,5,3,3,0,5,4
262,5,5,2,0,4,1,0,2
263,3,3,4,1,5,2,5,4
264,4,3,3,2,4,5,1,4
265,0,3,5,3,2,2,5,4
266,2,3,4,5,1,4,2,3
267,4,4,1,4,2,3,1,3
268,2,2,3,3,5,1,5,4
269,0,3,3,2,4,2,2,3
270,2,2,5,5,3,3,0,3
271,0,0,5,1,2,0,0,1
272,1,4,5,2,1,3,5,4
273,3,0,2,0,2,2,4,3
274,4,2,4,5,5,0,1,3
275,5,5,0,0,4,0,5,3
276,0,3,3,2,5,4,5,4
277,2,1,0,2,3,2,5,3
278,5,4,1,5,4,4,2,4
279,2,4,0,2,1,5,0,2
280,4,1,3,2,3,1,3,3
281,1,3,1,4,3,2,4,3
282,3,3,1,4,5,2,2,3
283,5,3,0,2,2,5,2,3
284,1,4,3,3,0,2,3,3
285,1,1,3,1,1,1,1,1
286,1,4,0,3,5,5,0,3
287,0,4,1,1,5,4,2,3
288,0,5,5,4,3,2,0,3
289,0,2,3,3,2,2,0,2
290,3,4,3,3,4,0,4,3
291,3,2,4,2,0,5,5,4
292,0,4,5,3,1,1,5,3
293,3,0,5,4,2,0,3,3
294,3,4,4,0,3,5,4,4
295,1,0,0,2,3,4,1,2
296,3,2,5,3,3,1,2,3
297,0,1,2,0,2,3,1,2
298,2,3,2,2,4,2,5,4
299,4,3,4,2,2,4,5,4
300,4,5,0,2,4,1,2,3
301,4,2,3,5,1,5,2,4
302,1,5,2,1,5,2,2,3
303,0,0,3,3,4,1,2,2
304,5,3,2,3,2,0,2,3
305,1,5,2,1,4,5,3,4
306,5,0,5,0,5,1,4,3
307,4,1,0,3,0,3,3,3
308,0,2,4,5,4,5,2,4
309,0,4,0,1,5,4,4,4
310,4,0,3,5,5,1,4,4
311,4,5,3,2,3,4,3,4
312,2,5,1,4,3,0,0,2
313,1,0,0,4,5,0,0,2
314,0,2,0,4,2,1,2,2
315,4,3,0,5,0,4,4,4
316,1,5,1,1,1,2,3,3
317,5,0,5,2,1,3,1,2
318,2,4,2,0,0,4,1,2
319,5,5,3,3,0,3,1,3
320,3,1,1,0,0,0,4,2
321,3,5,4,2,3,3,2,3
322,3,4,0,2,1,1,5,3
323,5,1,2,3,3,5,4,4
324,2,1,3,4,4,4,5,5
325,0,3,0,5,5,2,4,4
326,4,0,4,3,1,3,5,4
327,4,0,1,5,3,1,5,4
328,2,5,4,5,4,3,5,5
329,0,1,1,3,4,3,4,3
330,4,2,1,1,4,5,0,3
331,2,3,2,2,0,4,5,4
332,1,3,2,4,3,3,0,3
333,0,1,5,0,2,3,1,2
334,1,3,5,1,3,5,0,3
335,1,3,2,1,3,5,3,3
336,1,1,4,0,0,1,2,1
337,1,0,3,0,4,5,5,4
338,2,1,5,2,0,3,2,2
339,4,0,4,1,4,1,5,3
340,3,5,4,5,5,5,4,5
341,1,0,3,4,0,1,2,2
342,2,2,3,3,4,5,0,3
343,4,5,2,4,1,4,3,4
344,1,5,4,2,2,1,1,2
345,1,3,5,0,5,1,1,2
346,0,2,4,0,0,1,0,1
347,4,4,3,4,3,4,2,4
348,2,4,1,2,1,2,1,2
349,0,4,5,0,3,3,0,2
350,1,3,5,1,5,4,4,4
351,2,3,3,3,3,4,4,4
352,2,1,5,3,1,0,0,1
353,0,1,5,5,3,0,1,2
354,2,4,4,2,0,4,2,3
355,4,2,0,3,3,3,1,3
356,4,2,1,2,2,5,2,3
357,0,3,3,5,5,3,1,3
358,5,4,0,1,3,0,5,3
359,1,2,2,5,2,4,3,4
360,3,2,3,3,0,4,4,4
361,5,3,5,3,4,0,0,2
362,3,2,4,4,1,4,2,3
363,2,1,4,4,2,2,1,2
364,3,3,3,5,4,5,5,5
365,2,1,5,5,3,0,3,3
366,5,5,1,3,5,2,4,4
367,0,1,5,4,1,0,4,3
368,4,4,1,3,1,3,0,2
369,2,5,5,3,3,5,4,5
370,1,2,2,2,5,1,1,2
371,5,3,5,1,5,0,5,4
372,5,1,5,4,2,4,1,3
373,0,3,3,0,1,2,4,2
374,4,3,2,1,4,2,5,4
375,2,2,3,2,4,2,4,3
376,4,1,0,5,2,2,5,4
377,0,1,2,2,3,1,5,3
378,1,0,5,3,0,0,2,2
379,3,5,3,4,0,0,0,2
380,1,5,2,1,2,2,4,3
381,1,4,4,4,2,3,3,4
382,2,1,4,1,1,5,0,2
383,0,5,4,5,5,5,1,4
384,0,0,5,2,5,5,0,3
385,3,2,4,1,4,4,5,4
386,3,0,4,1,2,5,1,3
387,2,0,5,2,5,0,3,3
388,0,2,1,4,1,4,4,3
389,3,3,2,0,0,1,2,2
390,0,4,3,2,0,2,5,3
391,3,1,3,2,3,1,1,2
392,5,3,1,3,5,4,3,4
393,1,5,3,0,0,0,1,1
394,2,5,5,5,4,4,4,5
395,5,5,1,0,1,0,0,1
396,3,3,4,2,4,0,1,2
397,0,1,2,4,1,2,2,2
398,5,4,4,4,3,5,3,5
399,1,3,4,4,3,2,2,3
400,2,0,0,0,0,2,4,2
401,3,2,2,2,3,2,0,2
402,5,5,1,3,1,3,4,4
403,4,2,4,3,0,0,1,2
404,3,1,0,0,0,2,5,3
405,4,2,3,5,3,1,0,3
406,4,0,2,1,3,5,0,3
407,3,5,1,2,1,0,0,1
408,4,1,0,0,5,4,2,3
409,0,5,3,1,5,4,1,3
410,5,3,3,3,0,4,3,4
411,1,0,4,3,5,0,5,3
412,2,3,0,1,4,1,2,2
413,0,2,1,4,4,2,0,2
414,3,1,5,1,2,0,3,2
415,0,3,0,0,0,0,1,1
416,0,3,2,1,4,1,4,3
417,2,1,4,1,5,4,3,4
418,3,0,2,3,1,3,1,2
419,2,2,1,5,1,1,4,3
420,3,2,0,5,0,1,5,3
421,3,3,0,0,4,3,3,3
422,3,2,2,1,4,0,0,2
423,1,5,1,2,3,2,3,3
424,1,5,4,3,3,0,0,2
425,3,3,3,2,0,4,0,2
426,1,1,5,1,2,2,5,3
427,2,4,0,3,3,1,5,4
428,3,0,5,2,0,2,4,3
429,1,5,5,1,5,0,3,3
430,3,1,0,2,0,1,1,1
431,1,1,0,5,2,1,2,2
432,4,0,0,4,1,3,1,2
433,2,1,5,3,4,5,3,4
434,0,4,2,5,1,1,2,3
435,1,3,2,0,0,0,4,2
436,5,5,5,0,4,0,4,3
437,3,2,0,1,5,4,4,4
438,1,1,2,2,2,4,0,2
439,3,5,4,3,3,5,4,5
440,3,3,3,1,0,1,2,2
441,2,4,3,3,0,4,1,3
442,3,5,4,1,3,2,1,3
443,4,1,5,1,0,4,5,4
444,1,5,2,3,0,2,0,2
445,4,3,2,4,4,2,2,3
446,5,5,3,5,2,1,2,3
447,0,2,1,0,2,0,2,1
448,0,0,0,2,4,5,1,3
449,1,0,0,4,2,2,0,2
450,2,0,1,5,1,2,5,3
451,2,0,1,0,4,1,3,2
452,0,4,2,3,1,0,5,3
453,4,5,2,2,0,3,4,3
454,0,1,5,1,1,4,1,2
455,3,3,0,3,5,5,2,4
456,0,5,5,5,2,0,0,2
457,0,4,4,1,4,1,3,3
458,2,2,1,5,5,5,3,4
459,1,2,4,5,2,0,5,3
460,0,2,2,5,2,3,5,4
461,0,0,3,5,1,4,2,3
462,1,1,2,5,1,2,3,3
463,3,4,4,0,0,4,2,3
464,2,4,0,4,2,0,1,2
465,3,0,2,2,2,5,4,4
466,1,3,1,3,5,3,1,3
467,1,1,5,1,3,3,0,2
468,1,4,4,5,0,3,5,4
469,0,2,2,4,3,3,1,3
470,2,0,3,1,4,2,2,2
471,4,0,3,3,3,4,0,3
472,0,5,2,1,0,5,2,3
473,1,3,5,2,3,2,1,2
474,4,2,5,2,4,0,1,2
475,4,3,5,3,3,4,2,4
476,3,1,5,1,2,2,4,3
477,4,3,3,3,0,4,4,4
478,1,2,4,4,4,5,3,4
479,0,0,3,4,3,3,2,3
480,2,3,2,3,1,2,3,3
481,2,4,4,3,0,1,4,3
482,1,0,3,5,2,3,2,3
483,4,5,3,5,2,0,1,3
484,4,1,5,4,1,2,3,3
485,0,3,1,4,4,5,3,4
486,1,0,1,1,1,2,5,3
487,0,0,2,0,3,4,4,3
488,2,3,1,3,0,1,4,3
489,4,3,0,3,5,5,4,5
490,1,5,2,0,5,2,2,3
491,0,2,4,4,0,2,1,2
492,2,2,2,2,2,5,1,3
493,0,5,0,2,5,0,0,2
494,4,5,0,4,5,4,2,4
495,4,0,1,5,1,2,3,3
496,2,1,0,2,2,3,3,3
497,4,4,4,5,3,5,3,5
498,1,1,1,5,2,4,1,3
499,2,4,5,1,4,1,1,2
500,5,0,5,4,0,0,5,3
501,3,2,5,2,0,2,4,3
502,0,5,5,2,3,4,3,4
503,3,1,4,5,4,0,1,3
504,3,3,0,0,5,4,5,4
505,2,4,3,4,0,0,3,3
506,0,5,5,2,2,3,4,4
507,0,0,4,0,1,0,5,2
508,0,1,0,1,3,2,0,1
509,1,1,1,0,0,5,2,2
510,3,4,4,0,1,0,2,2
511,3,4,1,1,1,4,1,2
512,2,4,2,3,1,3,1,3
513,3,0,3,2,0,3,0,2
514,3,4,1,1,4,5,3,4
515,4,4,2,4,5,1,1,3
516,3,5,0,5,1,1,0,2
517,5,3,5,3,0,0,4,3
518,0,4,0,4,5,1,4,4
519,5,2,3,1,1,4,2,3
520,2,2,0,3,0,2,3,2
521,1,4,0,2,4,2,0,2
522,3,3,2,5,0,5,5,4
523,4,2,5,4,0,1,5,4
524,4,3,5,3,2,1,2,3
525,0,0,2,5,5,4,0,3
526,1,3,2,4,2,2,4,3
527,5,3,4,4,3,1,0,3
528,3,1,1,5,2,1,3,3
529,5,5,4,4,1,5,0,3
530,4,4,2,5,4,1,1,3
531,5,0,0,0,1,2,2,2
532,4,3,0,5,4,1,0,3
533,2,0,1,1,0,1,3,2
534,1,4,2,0,3,3,5,4
535,4,0,2,0,4,4,1,3
536,1,5,5,0,4,0,1,2
537,0,1,3,4,1,2,0,2
538,5,4,4,0,3,2,1,3
539,2,5,0,2,5,3,4,4
540,0,2,5,4,3,1,1,2
541,4,1,4,1,4,3,2,3
542,4,1,5,3,3,0,0,2
543,5,0,0,4,4,3,2,3
544,0,2,3,0,2,1,1,1
545,1,0,4,5,2,1,2,3
546,4,2,4,3,0,2,0,2
547,0,1,4,5,1,0,0,1
548,3,3,4,5,3,4,0,3
549,0,4,4,0,3,2,2,2
550,4,5,0,3,4,5,3,4
551,3,4,0,2,3,0,4,3
552,1,0,4,3,1,0,4,2
553,0,2,1,4,0,2,2,2
554,0,3,0,4,5,2,5,4
555,4,4,3,4,4,5,1,4
556,0,3,2,0,0,5,5,3
557,5,2,1,3,3,1,4,3
558,0,5,0,3,0,1,1,2
559,3,1,2,1,0,0,2,1
560,3,1,3,1,4,4,2,3
561,0,1,1,1,3,5,1,2
562,4,1,1,4,4,2,1,3
563,5,1,2,4,0,1,3,3
564,4,5,0,4,4,3,1,3
565,0,0,5,4,3,0,4,3
566,5,3,5,2,5,5,5,5
567,5,0,4,1,1,3,1,2
568,2,2,2,2,4,0,4,3
569,4,4,2,2,5,0,3,3
570,1,0,4,4,5,5,1,4
571,5,0,5,0,5,2,3,3
572,3,0,3,0,5,5,0,3
573,3,3,3,4,2,4,4,4
574,3,3,2,4,5,5,4,5
575,3,5,1,1,1,2,0,2
576,1,1,2,2,2,1,1,2
577,0,1,3,1,1,3,0,1
578,0,1,5,2,4,3,4,4
579,5,0,0,5,1,5,5,4
580,5,2,1,2,3,0,1,2
581,0,4,5,4,2,5,0,3
582,0,5,5,1,2,4,0,2
583,3,2,2,5,0,0,0,2
584,1,3,0,3,5,5,3,4
585,0,4,5,3,2,1,2,3
586,3,1,5,0,3,2,1,2
587,1,3,3,1,4,4,4,4
588,2,0,1,1,2,2,1,2
589,5,2,0,4,4,1,1,3
590,3,3,5,1,3,5,5,5
591,4,2,0,2,0,4,3,3
592,1,3,5,4,2,4,0,3
593,2,5,2,1,3,5,1,3
594,4,3,3,0,4,2,1,2
595,2,5,3,1,1,1,4,3
596,4,3,4,1,5,3,3,4
597,2,3,2,5,3,4,0,3
598,1,1,1,4,1,5,0,2
599,0,1,4,1,5,2,1,2
600,3,4,2,5,0,3,0,3
601,1,3,2,5,4,4,3,4
602,2,3,3,2,1,0,0,1
603,3,1,2,5,0,2,2,3
604,5,2,3,4,5,1,5,4
605,4,5,5,4,1,1,3,3
606,2,2,1,1,5,3,0,2
607,5,2,4,2,5,1,2,3
608,5,0,4,2,3,0,3,3
609,5,2,0,1,2,4,5,4
610,3,2,1,3,3,4,2,3
611,5,0,3,1,2,4,4,4
612,3,5,1,0,2,2,2,2
613,0,1,2,0,5,0,3,2
614,0,0,0,5,2,4,1,3
615,2,2,4,0,3,2,2,2
616,0,5,4,3,0,3,5,4
617,4,2,1,5,0,4,0,3
618,1,0,1,5,1,4,5,4
619,1,5,3,3,2,5,5,5
620,2,0,4,4,3,5,4,4
621,5,0,3,4,5,4,5,5
622,1,0,3,1,1,1,2,2
623,1,4,1,3,1,5,0,3
624,2,4,0,0,2,5,5,4
625,4,3,4,4,3,5,1,4
626,5,0,3,3,3,1,1,2
627,0,4,3,3,5,0,4,3
628,0,4,4,1,5,1,4,3
629,1,1,2,2,2,3,4,3
630,0,3,3,2,4,1,4,3
631,3,0,4,3,3,1,1,2
632,2,2,1,2,4,1,4,3
633,2,1,4,1,3,3,3,3
634,5,1,4,5,5,4,5,5
635,0,4,4,0,4,4,5,4
636,3,1,1,1,4,2,1,2
637,0,3,2,0,0,4,3,2
638,4,1,4,1,4,3,5,4
639,4,0,4,0,5,1,5,3
640,1,2,4,0,5,1,3,3
641,0,3,0,5,0,3,3,3
642,5,4,4,5,4,2,4,5
643,2,0,1,3,5,0,2,2
644,4,4,1,0,3,3,0,2
645,1,4,4,2,2,0,1,2
646,3,2,0,4,3,3,0,3
647,0,0,5,1,5,1,5,3
648,3,2,3,4,4,0,4,3
649,0,5,0,2,0,1,4,2
650,1,5,2,2,5,3,2,3
651,5,2,5,4,4,4,3,4
652,5,4,3,2,3,5,5,5
653,5,0,4,1,0,1,4,3
654,5,2,5,0,1,4,1,3
655,2,5,1,3,0,2,5,3
656,1,4,3,3,4,4,5,5
657,4,2,2,1,1,2,5,3
658,1,5,0,1,3,5,0,3
659,0,0,2,2,5,1,5,3
660,1,4,2,1,2,3,1,2
661,2,1,4,4,2,0,0,2
662,5,1,3,5,4,0,5,4
663,2,1,3,5,0,0,2,2
664,4,4,1,0,1,3,3,3
665,4,4,1,4,5,0,0,3
666,5,1,5,5,2,0,1,3
667,4,0,5,2,1,5,2,3
668,4,3,4,1,2,4,5,4
669,2,3,5,5,1,2,1,3
670,5,2,5,1,1,1,5,3
671,5,1,4,5,5,5,0,4
672,0,2,0,0,3,4,0,2
673,2,2,2,4,0,0,0,1
674,4,3,4,3,0,4,0,3
675,2,0,1,2,5,0,5,3
676,1,0,3,5,0,2,1,2
677,4,3,3,0,1,0,0,1
678,4,5,1,5,3,4,3,4
679,3,2,2,2,1,0,3,2
680,1,3,2,1,0,4,5,3
681,5,3,0,1,4,2,1,3
682,2,1,4,4,2,3,0,2
683,5,3,0,0,3,5,4,4
684,4,5,0,4,3,3,1,3
685,5,4,0,3,3,2,4,4
686,5,5,5,2,1,2,4,4
687,1,1,0,2,0,4,2,2
688,3,0,2,0,4,4,4,3
689,4,4,3,1,4,1,4,3
690,1,3,4,5,3,0,3,3
691,2,2,4,5,5,5,5,5
692,2,2,5,0,3,5,5,4
693,5,4,2,2,2,0,0,2
694,1,0,0,5,5,1,4,3
695,1,2,0,2,4,0,1,2
696,1,2,2,1,3,3,5,3
697,3,3,1,4,2,0,4,3
698,3,3,0,2,3,5,5,4
699,0,0,3,1,0,0,0,0
700,3,4,1,4,4,5,4,5
701,2,4,3,5,0,2,0,2
702,5,4,0,4,2,3,3,4
703,1,3,5,3,3,4,2,3
704,4,3,4,2,3,1,0,2
705,5,4,4,3,1,1,0,2
706,0,0,1,3,4,0,1,2
707,3,4,3,4,2,5,1,4
708,4,1,5,4,1,1,2,3
709,2,5,1,2,0,3,0,2
710,3,1,5,4,2,1,5,4
711,2,2,1,1,4,2,5,3
712,4,5,2,5,2,4,4,5
713,1,2,4,1,1,0,5,3
714,0,4,5,3,0,0,3,2
715,4,3,1,0,2,0,1,1
716,4,4,3,4,0,4,3,4
717,5,2,4,0,1,0,0,1
718,2,4,0,4,3,1,5,4
719,0,5,4,1,3,4,2,3
720,3,2,5,5,2,0,3,3
721,5,2,1,4,2,2,1,3
722,5,2,5,1,5,1,4,4
723,0,4,3,0,4,5,2,3
724,1,2,0,2,4,1,0,2
725,4,2,2,5,3,4,3,4
726,1,4,2,2,0,2,1,2
727,3,2,2,4,2,2,0,2
728,4,2,5,1,3,0,2,2
729,0,2,1,0,5,0,2,2
730,0,3,3,0,4,1,1,2
731,3,5,1,0,2,1,3,2
732,1,4,2,5,0,1,0,2
733,4,4,2,4,2,0,3,3
734,5,0,5,5,3,1,3,3
735,5,0,4,3,5,2,2,3
736,2,2,0,0,2,5,2,3
737,2,3,2,2,1,4,5,4
738,5,1,2,1,3,3,0,2
739,0,5,1,1,3,4,4,4
740,4,1,5,1,4,4,0,3
741,4,0,1,4,1,4,1,3
742,4,0,3,4,0,2,0,2
743,3,0,1,0,0,2,1,1
744,2,4,3,5,4,1,4,4
745,0,5,3,3,3,1,2,3
746,4,4,0,3,3,0,1,2
747,0,0,2,3,4,5,0,3
748,5,4,4,1,3,1,0,2
749,1,4,2,4,1,4,4,4
750,2,1,2,4,4,3,3,4
751,4,1,4,0,0,0,2,1
752,0,0,0,3,1,0,5,2
753,3,2,0,0,3,2,0,2
754,4,0,0,4,1,5,2,3
755,3,5,0,0,0,0,1,1
756,0,4,2,3,1,2,2,2
757,2,2,2,2,4,2,3,3
758,3,0,2,5,2,3,3,3
759,4,0,3,1,4,2,4,3
760,0,3,4,3,1,3,5,4
761,4,3,3,4,1,5,3,4
762,3,0,4,4,1,3,4,3
763,0,3,4,4,2,3,0,2
764,4,1,4,5,5,2,3,4
765,4,0,0,0,1,4,3,3
766,5,2,5,3,2,4,4,4
767,4,1,3,4,3,2,4,4
768,5,2,4,5,4,2,2,4
769,3,5,3,1,4,0,3,3
770,5,4,3,5,4,1,4,4
771,1,1,0,5,5,5,3,4
772,4,5,0,3,0,5,3,4
773,3,3,1,4,3,1,0,2
774,5,2,5,4,4,5,2,4
775,0,3,4,2,2,2,0,2
776,5,3,4,1,5,1,0,2
777,0,5,4,0,4,3,2,3
778,5,3,0,2,2,1,0,2
779,2,2,3,0,0,0,3,2
780,1,2,2,0,0,5,4,3
781,2,1,0,5,5,3,0,3
782,3,0,1,2,4,4,5,4
783,1,5,2,3,4,1,1,3
784,2,4,5,1,2,0,5,3
785,1,0,1,2,0,2,4,2
786,2,0,2,3,5,5,1,3
787,0,4,5,3,4,0,5,4
788,5,0,5,5,2,2,3,4
789,4,0,2,3,2,4,0,2
790,5,2,2,1,4,3,0,3
791,0,2,3,4,3,1,3,3
792,1,1,2,1,1,2,5,3
793,5,2,5,5,1,4,4,4
794,4,1,3,5,1,4,3,4
795,0,4,0,2,3,3,1,2
796,0,2,5,3,1,3,2,3
797,4,3,0,3,3,5,4,4
798,4,0,1,3,2,0,3,2
799,5,0,0,5,1,2,2,3
800,3,5,0,5,5,4,2,4
801,0,5,3,3,3,5,5,5
802,0,3,5,2,4,2,1,3
803,1,1,3,2,4,5,4,4
804,0,1,1,5,4,0,0,2
805,2,2,0,2,5,5,2,4
806,3,3,4,1,4,1,2,3
807,4,0,4,2,5,5,3,4
808,4,2,5,1,5,0,0,2
809,2,5,0,4,2,0,5,3
810,4,1,3,5,2,0,2,3
811,3,1,1,0,5,4,4,4
812,2,4,3,3,2,4,5,4
813,3,2,3,0,0,1,5,3
814,4,4,1,5,3,2,4,4
815,5,3,2,2,3,1,2,3
816,1,0,1,4,0,5,0,2
817,3,0,2,5,4,0,5,4
818,3,1,2,4,0,5,5,4
819,4,3,4,2,4,2,1,3
820,1,3,3,2,5,3,2,3
821,4,0,0,4,3,4,0,3
822,5,1,1,1,2,0,3,2
823,2,3,2,3,1,0,3,2
824,4,5,3,3,1,2,5,4
825,5,4,5,0,0,2,2,2
826,4,4,0,3,2,4,2,3
827,0,1,2,0,3,2,3,2
828,2,5,1,4,0,2,3,3
829,4,0,2,5,4,1,2,3
830,1,4,2,4,3,1,2,3
831,1,0,5,1,2,4,4,3
832,1,2,5,4,0,5,5,4
833,0,0,1,5,5,2,2,3
834,2,5,3,3,1,2,1,2
835,2,2,0,5,0,0,1,2
836,1,5,3,0,3,1,0,2
837,5,4,0,2,5,1,5,4
838,3,2,0,5,4,0,4,3
839,3,4,2,2,5,0,3,3
840,0,3,2,0,2,4,1,2
841,4,0,2,1,0,2,1,2
842,3,3,5,5,0,1,2,3
843,2,1,1,2,2,1,3,2
844,0,1,3,2,5,5,0,3
845,1,5,5,5,2,4,1,4
846,5,4,0,0,4,5,3,4
847,0,3,0,5,2,5,1,3
848,3,4,0,2,1,5,5,4
849,3,0,0,0,3,1,2,2
850,3,2,1,3,1,3,0,2
851,4,1,0,3,1,1,1,2
852,2,3,4,3,0,2,3,3
853,5,1,4,5,0,1,3,3
854,3,1,1,1,0,3,2,2
855,3,1,2,1,0,4,1,2
856,2,2,3,1,0,2,0,1
857,5,0,4,5,1,3,0,3
858,0,0,2,4,0,2,1,2
859,0,1,0,1,1,4,1,2
860,4,1,2,2,4,2,5,4
861,0,2,4,1,1,4,2,2
862,5,3,1,5,1,3,2,3
863,0,3,4,0,3,3,1,2
864,2,4,2,0,2,2,2,2
865,4,3,4,0,3,4,3,3
866,5,4,2,3,5,5,4,5
867,3,3,3,4,4,4,2,4
868,0,1,0,4,3,5,0,3
869,3,0,2,1,2,2,2,2
870,4,2,5,4,5,3,5,5
871,1,4,4,5,4,5,1,4
872,0,4,3,4,3,2,4,4
873,5,2,5,0,4,1,5,4
874,2,1,2,4,5,4,0,3
875,4,3,1,0,0,3,0,2
876,1,1,5,2,1,5,0,2
877,5,2,4,4,4,5,1,4
878,2,4,5,4,2,2,2,3
879,5,1,5,1,4,3,2,3
880,0,5,1,4,1,5,0,3
881,4,4,3,0,5,0,2,3
882,4,3,5,5,2,1,4,4
883,2,2,3,2,4,5,2,4
884,4,2,5,4,0,2,3,3
885,4,1,2,1,0,4,0,2
886,1,2,4,3,2,1,0,2
887,3,5,5,1,4,3,4,4
888,4,3,3,0,3,2,3,3
889,5,3,1,3,0,2,0,2
890,1,4,2,5,3,5,3,4
891,0,3,1,0,1,2,4,2
892,2,3,5,5,3,1,0,3
893,2,5,3,0,0,4,2,3
894,2,2,5,5,0,5,4,4
895,1,1,1,1,3,0,5,3
896,2,4,2,1,1,0,3,2
897,3,4,0,2,0,2,4,3
898,4,2,1,3,5,1,5,4
899,1,0,3,1,3,1,2,2
900,2,1,3,5,4,3,3,4
901,3,5,5,2,1,3,2,3
902,1,5,3,2,4,0,3,3
903,5,0,5,4,0,2,5,4
904,2,5,4,3,4,1,2,3
905,2,2,4,4,3,3,4,4
906,0,1,2,1,4,3,2,3
907,5,2,4,0,3,2,5,4
908,0,4,2,3,2,2,0,2
909,5,5,5,1,2,0,1,2
910,1,1,3,1,5,2,3,3
911,1,2,4,2,1,1,2,2
912,3,1,0,4,2,0,5,3
913,4,5,3,1,2,4,2,3
914,4,2,2,5,4,4,5,5
915,1,5,0,3,5,4,5,5
916,3,1,3,2,3,4,1,3
917,0,0,3,2,0,5,2,2
918,4,4,1,2,0,3,2,3
919,4,2,5,4,2,3,4,4
920,5,0,2,2,4,1,1,2
921,1,3,2,3,2,3,1,3
922,1,2,1,2,2,3,0,2
923,4,5,0,2,3,1,1,2
924,2,0,1,2,0,4,3,3
925,5,4,5,1,5,4,4,5
926,2,2,3,0,1,0,4,2
927,2,3,1,0,4,4,2,3
928,2,2,0,5,1,2,5,4
929,3,5,5,3,0,2,3,3
930,2,1,2,1,3,4,0,2
931,4,5,3,1,5,1,0,2
932,0,1,4,2,4,4,4,4
933,4,5,0,1,3,4,1,3
934,3,2,0,0,1,2,3,2
935,0,5,1,2,3,5,5,4
936,3,2,0,2,4,4,4,4
937,4,3,2,2,2,0,4,3
938,1,4,1,0,0,3,2,2
939,5,4,3,3,4,4,4,5
940,1,1,0,0,3,0,1,1
941,1,2,5,2,5,2,4,4
942,1,5,0,5,2,4,5,4
943,5,4,5,1,4,0,3,3
944,3,3,1,4,1,4,0,3
945,0,4,0,4,5,1,0,2
946,4,1,2,1,0,4,1,2
947,0,4,1,4,5,5,3,4
948,4,1,2,0,1,3,1,2
949,3,1,2,1,4,4,3,3
950,2,4,0,0,0,5,1,2
951,1,3,4,4,5,0,5,4
952,4,1,3,3,1,2,2,3
953,5,2,2,5,2,3,5,4
954,1,2,5,4,3,5,3,4
955,4,1,5,3,4,5,1,4
956,1,1,3,4,0,3,5,3
957,5,3,5,2,0,2,0,2
958,5,1,1,1,0,0,4,2
959,0,0,5,2,5,3,3,3
960,3,5,0,0,0,4,0,2
961,1,0,3,1,4,0,1,2
962,4,3,4,5,0,5,0,3
963,5,1,4,4,3,5,1,4
964,2,1,5,5,1,3,0,2
965,5,4,3,5,3,3,2,4
966,2,2,0,1,4,0,0,1
967,2,5,4,4,4,0,3,3
968,5,2,4,3,5,5,4,5
969,1,5,4,4,5,5,3,5
970,4,3,0,0,5,0,3,3
971,3,5,4,3,3,2,5,4
972,5,5,3,4,3,1,5,4
973,5,0,2,2,0,0,0,1
974,5,1,0,0,3,5,0,2
975,2,2,3,0,2,4,3,3
976,4,2,4,2,0,2,1,2
977,1,1,0,5,2,1,3,3
978,4,5,4,0,0,3,4,3
979,0,2,2,5,0,2,0,2
980,1,2,3,1,4,2,3,3
981,5,2,2,5,2,3,1,3
982,5,5,5,1,0,0,3,3
983,3,4,1,2,3,5,2,4
984,2,4,2,5,4,4,2,4
985,0,3,1,2,0,3,0,1
986,4,4,3,1,2,3,1,3
987,2,4,1,0,2,0,5,3
988,2,5,4,2,0,4,5,4
989,3,5,0,1,0,4,2,3
990,0,3,0,5,0,0,4,2
991,1,1,4,3,1,2,0,2
992,5,4,0,5,0,4,3,4
993,0,4,5,4,1,2,4,3
994,1,3,1,3,0,3,5,3
995,1,2,0,2,2,1,2,2
996,4,3,3,5,3,1,4,4
997,5,5,4,2,4,2,2,4
998,1,3,4,1,0,2,4,3
999,3,0,2,0,2,4,4,3
